week_start_date,year,weekofyear,precipitation_amt_mm,reanalysis_precip_amt_kg_per_m2,reanalysis_sat_precip_amt_mm,station_avg_temp_c,station_diur_temp_rng_c,station_max_temp_c,station_precip_mm,pca_1,pca_2
2000-07-01,2000,26,25.41,0.07256942189920686,25.41,-1.3268055842559447,0.21219369825934623,32.5,-1.4151490702935607,-4.349940269169262,-0.05650870049298509
2000-07-08,2000,27,60.61,0.13506310158799537,60.61,-0.775546958322378,0.6723240685577333,34.0,-0.0034526628854475365,-5.097599618190283,-0.0030826919975832784
2000-07-15,2000,28,55.52,0.6296469174168846,55.52,-0.8574711126344231,0.6212498242124137,33.0,-0.2583416424421424,-8.670376855315041,-0.17238600079823402
2000-07-22,2000,29,5.6,-0.5315447749610215,5.6,-1.8192681934979853,0.0518130138218156,31.5,-0.43831628174460113,0.6325257384014367,-0.09612085093791384
2000-07-29,2000,30,62.76,-0.3195476097879587,62.76,-1.0597547265704765,0.6296469174168846,33.3,-1.3185254128699953,0.050271655251707355,0.12724843363909766
2000-08-05,2000,31,16.24,-2.2897025155915474,16.24,-2.013356532513218,0.3195476097879587,32.0,-0.940214709749602,14.260454426148922,-0.06733730579763078
2000-08-12,2000,32,89.37,-0.4535708460543835,89.37,-0.6636926378284319,0.7570234514382153,34.0,0.3195476097879587,5.528329533713497,0.19323763528596738
2000-08-19,2000,33,42.08,-0.7896159916597745,42.08,-1.115904979977345,-0.09335714550383105,33.0,-0.06564758655656414,6.739392768494644,0.24067220075019535
2000-08-26,2000,34,49.22,-1.4439240859642073,49.22,-0.775546958322378,2.068771935956908,34.0,0.6254428582078935,14.652405751773388,0.20689685229038574
2000-09-02,2000,35,53.65,-0.8475399758405717,53.65,-0.5555589554799826,1.2255032271206492,34.0,0.4307272992954556,14.779631579271005,0.13574410593138242
2000-09-09,2000,36,23.12,-1.8376384268780583,23.12,1.0417649647363973,1.6488734972429597,35.8,0.017264137687307658,31.69426525131477,0.07169257741580094
2000-09-16,2000,37,34.62,-1.6355759142706652,34.62,-0.14901385575389392,1.5973269903558722,34.5,-0.7118074446700533,17.524207510258805,0.1401444039288484
2000-09-23,2000,38,97.55,-1.7513257935060593,97.55,-0.027624761338707837,1.4246099838006048,36.0,0.8475399758405717,11.545598929916045,0.12931488159604337
2000-09-30,2000,39,95.89,-1.8014921444765468,95.89,-0.5395148104453106,1.115904979977345,34.0,0.037988351230282213,18.220485557032767,-0.1677018265312993
2000-10-07,2000,40,46.22,-0.8182347774917771,46.22,-0.940214709749602,0.7990827621351786,34.0,0.12461740794799805,6.643031647637054,0.06400975936778582
2000-10-14,2000,41,31.1,-0.6508373064444771,31.1,0.12113858572421711,0.5355255405186109,34.0,-1.4151490702935607,7.701570089757234,-0.11458259212793158
2000-10-21,2000,42,25.21,-1.1031259989152418,25.21,0.2369801672458942,1.2402686793182185,36.0,-0.15599995352913304,14.32800924602713,0.0452712053286277
2000-10-28,2000,43,49.25,-0.5717474060925252,49.25,0.5395148104453106,1.3436445351668829,34.6,0.037988351230282213,12.25911306429268,0.21167147921102394
2000-11-04,2000,44,67.64,-0.7073663495812149,67.64,0.027624761338707837,1.286274990788736,35.5,-1.148678182991897,10.09221676374061,0.036300710284474014
2000-11-11,2000,45,51.83,-0.7432996631500837,51.83,0.7478585947633022,1.1967475721392278,35.2,-0.8475399758405717,13.81376183837273,-0.010856606054718476
2000-11-18,2000,46,39.25,-1.7052153405409167,39.25,2.2036607795503134,1.767557034445665,36.4,-5.199337582605575,21.566853296836364,-0.315799340498606
2000-11-25,2000,47,55.91,-1.0537202406076733,55.91,0.1664935038008255,0.5636347168656255,36.5,-1.1827339604084899,22.626752205095833,-0.055286625448627495
2000-12-02,2000,48,20.65,-0.898074175914329,20.65,-0.6254428582078935,0.685366072511801,34.2,-0.6985257103450601,9.860003659999386,0.06275926901126909
2000-12-09,2000,49,24.53,-2.0990479713022037,24.53,0.5395148104453106,0.9840948669667636,34.0,-1.5973269903558722,21.110894599232072,-0.11966557467634659
2000-12-16,2000,50,111.06,0.19808928684734634,111.06,-1.006761111548614,-0.5078333092550698,33.8,0.19105200614617227,8.812278432848078,0.13908418254023344
2000-12-23,2000,51,3.9,-1.4058131562357747,3.9,0.7662523398591111,1.2553096009744404,35.0,-5.199337582605575,27.90105154454298,-0.0185753818545588
2001-01-01,2001,1,59.11,0.6212498242124137,59.11,-0.2978204305995092,0.3856923651377643,33.3,-0.24053264956697124,-7.991080868013652,0.0022865149253140917
2001-01-08,2001,2,69.85,-0.5963159355757974,69.85,-0.6897393318569752,0.5078333092550698,33.2,0.0518130138218156,6.361189313919025,0.016684051976307814
2001-01-15,2001,3,149.71,-0.4844040093661262,149.71,-0.6254428582078935,0.2906096716803344,33.0,-0.05181301382181546,4.2500797867957925,-0.15506756590218732
2001-01-22,2001,4,50.02,1.018290451279652,50.02,-1.8763585618945948,-0.7342277927751887,31.2,1.3875003115198252,-7.868324429164175,-0.11044108026973953
2001-01-29,2001,5,87.18,0.8775917845235642,87.18,-1.3022308986457931,-0.4921836358482229,33.0,1.2706400015817672,-9.165717995903083,0.14375828153637787
2001-02-05,2001,6,31.93,-0.8327979737810487,31.93,-0.2690661378543141,-0.2906096716803344,34.2,-1.3875003115198252,-2.6984011607994507,-0.09736306083436291
2001-02-12,2001,7,66.84,-0.11418529432142824,66.84,-1.4058131562357747,-1.0010463353866785,33.0,0.5475192653049643,-8.023444820219833,-0.2107698343336547
2001-02-19,2001,8,16.17,-0.24053264956697124,16.17,-0.7524331230352401,-0.30504670823989766,33.2,-0.2583416424421424,-5.604023995086371,-0.2398235364578325
2001-02-26,2001,9,47.14,-0.43072729929545744,47.14,-1.1420252454224493,-0.6985257103450601,33.2,-0.6465760910389333,-6.224961428254052,0.021146540250841665
2001-03-05,2001,10,118.07,0.9189404483103542,118.07,-0.4882901285226259,-0.2086637457511546,33.3,0.588087103206949,-7.157997419740994,-0.07210356224442191
2001-03-12,2001,11,74.34,1.9635114370458404,74.34,-0.6254428582078935,1.0417649647363973,34.2,-0.22634045116816895,-5.677634916417806,-0.11298681180800585
2001-03-19,2001,12,90.35,-0.3014316018532327,90.35,-0.13157962231032655,0.6045853465832371,34.1,0.2834139916269743,5.65164516082931,-0.08961279280374208
2001-03-26,2001,13,94.06,2.7756208502803323,94.06,-0.6254428582078935,0.33411602108435867,34.2,0.5078333092550698,-9.380702959566301,-0.23741447092352974
2001-04-02,2001,14,86.46,1.115904979977345,86.46,-0.5315447749610215,0.35610346100600243,35.0,-0.12809773897576973,-9.464036272078534,0.03773983106555402
2001-04-09,2001,15,80.82,1.286274990788736,80.82,-1.286274990788736,0.7708913244074311,34.0,1.0067611115486144,-7.377234296354116,0.22750361640512567
2001-04-16,2001,16,77.73,1.3696413085186645,77.73,-0.2906096716803344,0.43451866237478126,33.5,-0.14901385575389392,-7.3694850255341064,0.128761410844448
2001-04-23,2001,17,78.01,0.8475399758405717,78.01,0.0760316231203884,0.30866580569493435,34.3,-0.7990827621351786,0.05570891021914695,-0.030248608054338457
2001-04-30,2001,18,94.77,1.2255032271206485,94.77,0.065647586556564,0.5555589554799814,35.2,-0.0587288951173541,-4.991567735743697,-0.0063022706676347275
2001-05-07,2001,19,45.56,0.9510129615979404,45.56,-1.0597547265704765,-1.1758134725500289,32.7,0.1629936733704151,-8.663707205605446,-0.06675512457995475
2001-05-14,2001,20,74.08,0.8674875486622708,74.08,-0.37085732520558196,-0.07256942189920686,32.5,-5.199337582605575,-11.569216452432983,0.09149811900805387
2001-05-21,2001,21,70.81,0.34142671136322306,70.81,-0.13157962231032655,0.9456000532473086,34.2,0.15599995352913304,-7.08046904276435,0.05607392275593545
2001-05-28,2001,22,90.07,-0.6985257103450601,90.07,-0.4231630431268724,1.4439240859642077,34.8,-0.3856923651377622,-3.97040199441504,0.14620787921369527
2001-06-04,2001,23,126.46,-0.3487556955170447,126.46,-0.8038430852351324,0.20513639140553785,34.0,-0.766252339859111,-1.0987239254773526,0.01881079221738164
2001-06-11,2001,24,47.13,1.1689488445314817,47.13,-0.7896159916597745,0.15599995352913304,33.4,-0.2834139916269743,-7.162784208922134,0.016859953826133988
2001-06-18,2001,25,53.93,-0.9510129615979401,53.93,-1.3268055842559447,-0.2690661378543142,33.2,-1.0125089578153552,-0.3919606903399509,-0.3142394825707196
2001-06-25,2001,26,1.22,-1.9635114370458409,1.22,-0.9084578685373852,0.044899609854301165,32.3,-0.4081063581839672,9.569431381006899,0.040927683665493826
2001-07-02,2001,27,52.1,-0.5515346542112698,52.1,-1.2402686793182185,0.5717474060925252,33.2,0.24764677891373554,2.541585053709042,-0.04318727750462087
2001-07-09,2001,28,39.09,-0.8086216940604897,39.09,-0.2690661378543141,0.33411602108435867,33.5,-0.6296469174168846,0.09848995402128906,0.1857591664433474
2001-07-16,2001,29,52.05,-0.780219463186601,52.05,-0.8877864231922363,-0.2547734641543657,32.8,-0.30504670823989766,4.392630475550683,0.04153801881771003
2001-07-23,2001,30,54.52,-0.08642386473824262,54.52,-0.2476467789137354,0.588087103206949,34.0,-0.5475192653049641,-2.723447361118251,0.03959951642859572
2001-07-30,2001,31,27.97,-1.115904979977345,27.97,-1.2110002293380568,0.2762329564579396,34.0,-0.9674215661017009,7.080649345322688,-0.1334612637098211
2001-08-06,2001,32,0.0,-2.542086695734729,0.0,-0.5717474060925252,1.115904979977345,33.5,-0.5636347168656255,22.46114544212136,-0.07935510459788454
2001-08-13,2001,33,5.14,-5.199337582605575,5.14,-0.5475192653049641,1.1967475721392278,33.4,-0.7387561280919496,19.357276127040087,0.08786909336819285
2001-08-20,2001,34,9.97,-0.35610346100600243,9.97,0.027624761338707837,0.8182347774917771,34.2,-0.10029491694392603,10.304109138091288,-0.06327888837262993
2001-08-27,2001,35,47.58,-0.7896159916597745,47.58,-0.4882901285226259,1.3436445351668829,35.2,-0.4081063581839672,12.331324735429408,-0.045231137477951947
2001-09-03,2001,36,44.45,-0.037988351230282213,44.45,-0.23698016724589407,1.084288472912783,34.3,-0.34142671136322306,7.671226244700332,0.03742448543897573
2001-09-10,2001,37,36.2,-0.7252159501037855,36.2,-0.23698016724589407,0.6508373064444771,35.2,-0.19456944202754195,10.850760347651267,0.13975358629493512
2001-09-17,2001,38,66.4,0.6551103726537549,66.4,-0.044899609854301165,1.5497059007365894,35.0,0.2227996247746886,4.545274196503206,0.19322951466680285
2001-09-24,2001,39,26.48,-0.6508373064444771,26.48,-0.4231630431268724,0.9295249911968951,33.4,-0.8674875486622706,10.258025018853308,0.15290980300278254
2001-10-01,2001,40,63.42,-0.3014316018532327,63.42,0.9510129615979404,1.9181150958940414,35.5,-0.8182347774917771,11.268636719215243,0.14623681385532206
2001-10-08,2001,41,58.75,-1.006761111548614,58.75,1.2477538553513252,1.369641308518662,36.8,-0.43072729929545744,14.539077256746344,0.3897505050703994
2001-10-15,2001,42,77.89,0.21219369825934623,77.89,0.0760316231203884,1.4058131562357747,36.7,1.3351777361189363,17.248543791230937,0.1581473537305143
2001-10-22,2001,43,77.15,1.3351777361189359,77.15,0.6423265839357505,0.9619232586085047,35.0,0.6128963095890266,-1.6252888634183627,-0.13655917083488558
2001-10-29,2001,44,83.53,0.14901385575389392,83.53,0.0864238647382429,-0.044899609854301165,35.8,0.3931416328880043,3.0219571569197163,-0.08058124065210046
2001-11-05,2001,45,34.54,1.6488734972429597,34.54,-0.044899609854301165,0.4156229225977685,34.4,-0.34142671136322306,-0.43753972788211803,0.1520832198269851
2001-11-12,2001,46,61.82,1.8014921444765462,61.82,1.1420252454224493,-0.1840241743888466,34.5,-0.16999537477436907,1.0127542216022591,0.03268103780943448
2001-11-19,2001,47,65.89,0.43831628174460113,65.89,-0.0034526628854473973,0.685366072511801,33.7,-0.4081063581839672,-0.7026078921514735,0.21414675897582916
2001-11-26,2001,48,47.46,-0.32682314476818275,47.46,0.7943404782948873,0.780219463186601,35.3,-0.9189404483103537,0.465680027446791,0.15869347615161028
2001-12-03,2001,49,46.86,1.5973269903558722,46.86,1.1288688381594618,0.7570234514382153,35.5,-0.6212498242124134,0.5434829954758341,0.09542450737932476
2001-12-10,2001,50,138.22,0.7990827621351786,138.22,0.3122889505484566,0.3487556955170447,35.0,0.3671614098729309,-8.83760550317446,0.08373065012468471
2001-12-17,2001,51,43.95,0.9510129615979404,43.95,-0.5921965068993644,-0.6508373064444771,32.9,0.037988351230282213,-6.2052022699579865,-0.08961619152784507
2001-12-24,2001,52,100.72,1.2553096009744404,100.72,-0.2690661378543141,-1.4058131562357747,33.3,-0.5555589554799826,-9.350037912711235,0.123293303860351
2002-01-01,2002,1,70.16,1.2706400015817672,70.16,0.4421202330378382,-0.7162626235721246,33.2,-0.14901385575389392,-8.062114379099322,0.24254176443862366
2002-01-08,2002,2,64.79,-1.484255892830435,64.79,2.1313799749848403,0.9456000532473086,35.4,-1.148678182991897,11.636971240932734,0.23387086687252534
2002-01-15,2002,3,22.77,-1.5271578561464687,22.77,1.720181531493024,1.5730705667117024,36.0,-1.2553096009744396,13.230035738825974,-0.0795698748393402
2002-01-22,2002,4,121.07,-0.7162626235721247,121.07,0.42316304312687253,0.8725285313943619,35.8,-0.7387561280919496,6.475381920541014,-0.25672584525393827
2002-01-29,2002,5,59.4,0.065647586556564,59.4,-1.4058131562357747,-0.46508124230921455,32.5,1.018290451279652,-9.872684791190045,-0.034141617740251026
2002-02-05,2002,6,4.68,0.7342277927751887,4.68,-0.9953640664494023,-0.4459305926331787,34.0,0.2654879274125835,-10.000830684753861,-0.15324288587942955
2002-02-12,2002,7,104.37,-0.27623295645793916,104.37,0.33776910965772566,0.19105200614617424,33.6,0.1072375192662233,-6.477718706535261,0.09156834520437682
2002-02-19,2002,8,37.46,0.23343067313940152,37.46,-0.6551103726537549,-0.4156229225977685,33.5,-0.8327979737810487,-4.924783975511246,-0.2718750505484592
2002-02-26,2002,9,80.14,2.013356532513218,80.14,-0.940214709749602,-0.5315447749610215,32.2,-0.10723751926622344,-10.43161582556384,-0.20902019919477483
2002-03-05,2002,10,92.84,1.6225614096151615,92.84,0.33776910965772566,1.8376384268780583,35.7,-0.09335714550383105,-3.1974144193475476,0.061591397219430875
2002-03-12,2002,11,41.96,0.15599995352913304,41.96,-0.7342277927751887,0.017264137687307658,34.5,-1.0477238839109337,-1.5305914324840182,-0.008565734536037104
2002-03-19,2002,12,61.18,1.1288688381594618,61.18,-0.7342277927751887,0.8574711126344231,33.3,0.4006127810921563,-7.017629406064999,-0.03638487229112957
2002-03-26,2002,13,110.42,1.4246099838006074,110.42,-1.6225614096151653,-0.12113858572421711,32.3,-0.07949473596297589,-12.281706556871484,-0.0539760024728835
2002-04-02,2002,14,94.01,1.3875003115198252,94.01,-0.34142671136322306,-0.024170945557216942,32.5,-0.6636926378284319,-11.17665406537578,-0.03459092291340544
2002-04-09,2002,15,75.98,1.8763585618945953,75.98,-1.4058131562357747,-0.7524331230352401,31.4,-0.8877864231922363,-11.050646095226123,-0.037138993203698546
2002-04-16,2002,16,109.49,0.24053264956697124,109.49,-0.4882901285226259,1.676379346217491,34.6,-0.49218363584822317,-5.867462238020513,-0.07510697494992055
2002-04-23,2002,17,45.59,1.1967475721392278,45.59,-0.39687443788651156,0.16999537477436907,33.3,-0.037988351230282213,-8.214391271757252,0.012768448588430297
2002-04-30,2002,18,60.05,0.32682314476818275,60.05,-0.7616297868943458,0.42316304312687253,33.5,-1.5383341163505608,-6.9988941494414005,-0.12324124453886746
2002-05-07,2002,19,101.3,0.681005881966215,101.3,-0.065647586556564,0.6508373064444771,34.0,-0.5395148104453106,-8.06859082183786,-0.1104102398017262
2002-05-14,2002,20,46.79,1.1420252454224493,46.79,-0.8038430852351324,-0.46508124230921455,32.3,5.19933758270342,-10.93997121881723,-0.21050861369471086
2002-05-21,2002,21,51.25,-0.31228895054845635,51.25,0.1664935038008255,1.084288472912783,33.8,-1.0477238839109337,-7.030858454873868,-0.09894398378218719
2002-05-28,2002,22,41.54,0.4844040093661264,41.54,-1.3522087668981264,-0.4231630431268724,32.3,1.2553096009744404,-6.386083954249904,-0.11892688507788629
2002-06-04,2002,23,72.76,-0.7524331230352401,72.76,-0.34142671136322306,0.7387561280919497,34.3,-0.46123766846867187,-6.62972907829311,0.08526093100728958
2002-06-11,2002,24,69.62,-0.065647586556564,69.62,0.2726477966398428,0.6380886446496014,34.0,-1.5383341163505608,-6.409106621638674,0.1788804182202185
2002-06-18,2002,25,39.16,-0.6045853465832363,39.16,-1.5271578561464687,-1.2477538553513243,33.0,-0.4081063581839672,2.7451650756497696,-0.09206603154545072
2002-06-25,2002,26,3.18,-0.9084578685373852,3.18,-1.5730705667117024,0.22634045116816895,32.6,-1.148678182991897,5.93864372808917,-0.10788365421434556
2002-07-02,2002,27,3.27,-1.3351777361189372,3.27,-1.463792366789022,-0.6508373064444771,32.6,-1.2402686793182185,2.1706666989919805,-0.30057096683910905
2002-07-09,2002,28,5.71,-1.2038433323989652,5.71,-1.5973269903558722,0.1072375192662233,32.3,-0.5236083621216352,2.2552365620439123,-0.10033113464038579
2002-07-16,2002,29,63.0,-1.2402686793182185,63.0,-1.9635114370458409,-0.9674215661017009,30.1,-5.199337582605575,3.7051087889454326,-0.3029807951896678
2002-07-23,2002,30,65.55,-0.9840948669667636,65.55,0.2726477966398428,0.7118074446700537,33.6,0.2016115875763277,5.487920768038021,0.03254593028564644
2002-07-30,2002,31,89.93,-0.5636347168656255,89.93,-0.940214709749602,0.4689316991539753,33.8,-0.32682314476818275,1.5607168004012426,0.13028408181226878
2002-08-06,2002,32,14.34,-1.5053605530744096,14.34,-0.4231630431268724,1.6225614096151604,34.0,-5.199337582605575,8.867634731050643,0.10531297174466409
2002-08-13,2002,33,9.81,-2.0990479713022037,9.81,0.3014316018532327,1.1689488445314817,35.1,-1.148678182991897,19.941078173569363,0.16097991548735419
2002-08-20,2002,34,31.71,-1.424609983800608,31.71,-0.4081063581839672,1.0067611115486144,33.1,0.2762329564579396,7.117604948365284,0.12251178289594089
2002-08-27,2002,35,38.8,-1.0905246666966573,38.8,-0.19456944202754195,0.4766535906740806,35.1,-0.5798979013431808,11.346409520433243,0.06737581572867256
2002-09-03,2002,36,81.85,-0.9619232586085052,81.85,-0.19456944202754195,0.0345334228765354,33.3,-0.766252339859111,11.52414167568995,-0.10891850957369464
2002-09-10,2002,37,25.36,-1.7513257935060593,25.36,0.7943404782948873,1.8763585618945953,35.9,0.6423265839357505,16.241933040386222,0.04169746216280709
2002-09-17,2002,38,11.49,-2.397022125126618,11.49,1.9635114370458426,1.4947250040230937,36.6,-1.5973269903558722,24.87352944812348,0.18855878926320405
2002-09-24,2002,39,38.56,0.010358153297364085,38.56,0.37826443906266427,1.148678182991897,36.0,0.5798979013431809,10.330539117970174,0.05616399392087313
2002-10-01,2002,40,70.98,-0.523608362121635,70.98,2.4631011609711813,2.3970221251266195,37.7,0.34142671136322306,15.53643710912797,0.010521339719071552
2002-10-08,2002,41,70.22,-0.23343067313940097,70.22,0.6551103726537549,0.6128963095890266,34.6,0.4999931655482655,4.050623360687972,0.11062247399014179
2002-10-15,2002,42,21.96,-0.01381106315636643,21.96,0.5395148104453106,0.7387561280919497,34.2,-1.286274990788736,1.4721885549721598,-0.08837170555095214
2002-10-22,2002,43,48.94,-0.16299367337041495,48.94,0.4421202330378382,-0.12113858572421711,36.0,1.424609983800604,-0.7308617203718918,-0.031250412885263576
2002-10-29,2002,44,89.77,-0.044899609854301165,89.77,0.5963159355757974,0.4459305926331787,34.1,-0.3634705031093205,-4.314250176828461,0.10422854464080146
2002-11-05,2002,45,95.47,1.4058131562357747,95.47,0.9510129615979404,0.3856923651377643,33.8,0.13506310158799564,-8.260416584948816,0.1116084751441235
2002-11-12,2002,46,91.36,1.1031259989152422,91.36,0.027624761338707837,0.16999537477436907,33.6,1.8014921444765462,-9.135315189808619,-0.10578830983405359
2002-11-19,2002,47,61.69,0.940214709749602,61.69,-0.2690661378543141,-1.07194094824387,33.5,0.4118617316731164,-9.585826934052792,0.013934518869860303
2002-11-26,2002,48,60.15,0.4766535906740806,60.15,0.6985257103450601,0.065647586556564,34.0,-0.7524331230352401,-4.63855232196487,0.06020863293744803
2002-12-03,2002,49,49.69,0.21219369825934623,49.69,1.1967475721392273,-0.43451866237478104,33.7,-0.1350631015879955,-3.4556057554111144,0.1140144222005245
2002-12-10,2002,50,35.02,-0.34142671136322306,35.02,0.1037655929190483,-0.7162626235721246,34.0,0.024170945557216526,-5.185147720125604,-0.06862169664754926
2002-12-17,2002,51,25.73,-0.5157047936930385,25.73,0.4844040093661264,-1.2784184321040875,34.0,-0.5963159355757974,-7.018732359550635,-0.051883133050984354
2002-12-24,2002,52,151.73,0.37085732520558223,151.73,0.4689316991539753,0.13854822058261884,33.8,1.115904979977345,-6.200612835897518,-0.20136937151435513
2003-01-01,2003,1,46.91,-0.3931416328880074,46.91,1.1553823552329274,-0.33411602108435856,34.4,0.681005881966215,4.495209796315678,0.12493361892075845
2003-01-08,2003,2,11.77,-0.2476467789137354,11.77,2.0687719359568892,-0.17700542003611422,35.0,-0.34142671136322306,-3.4551186257655417,0.3814595104131942
2003-01-15,2003,3,60.46,-0.4006127810921565,60.46,0.5395148104453106,-0.6508373064444771,33.3,1.369641308518664,-7.186657198484052,0.027000804031951493
2003-01-22,2003,4,84.05,-1.1827339604084899,84.05,1.0905246666966568,0.08988996498880161,34.2,0.1840241743888466,3.557645980503438,-0.01726269558766533
2003-01-29,2003,5,35.05,-1.3185254128699953,35.05,1.3785158516437335,0.9840948669667636,35.4,-1.115904979977345,13.528861857104216,-0.16889701305518498
2003-02-05,2003,6,56.36,1.6763793462174883,56.36,-1.0597547265704765,-2.2036607795503143,33.8,-0.19456944202754195,-7.463523785787114,-0.21944123089280912
2003-02-12,2003,7,70.63,-0.07949473596297589,70.63,-0.898074175914329,-1.6355759142706652,33.2,0.0034526628854473973,-8.098506285453581,0.03431866665532936
2003-02-19,2003,8,25.03,0.010358153297364085,25.03,-0.31228895054845635,-0.8674875486622706,32.4,1.0417649647363973,-1.4822858467633475,-0.2590700141785375
2003-02-26,2003,9,132.2,0.35610346100600243,132.2,2.775620850280228,0.4960846187383382,35.0,-5.199337582605575,1.6190061424925009,-0.02379216993709976
2003-03-05,2003,10,63.71,1.4842558928304361,63.71,0.4421202330378382,-0.898074175914329,32.9,-1.2553096009744396,-5.151349293661931,-0.14766734553491645
2003-03-12,2003,11,47.97,1.8376384268780583,47.97,-0.940214709749602,-2.013356532513218,32.0,0.7708913244074311,-9.090086375955376,-0.15296584441618236
2003-03-19,2003,12,109.04,5.19933758270342,109.04,0.027624761338707837,-0.3634705031093205,33.5,0.10029491694392603,-5.647676142773351,-0.056037946173785116
2003-03-26,2003,13,93.61,0.0864238647382429,93.61,5.19933758270342,5.19933758270342,42.2,0.3856923651377643,-3.5708720401478535,-0.1359363648767406
2003-04-02,2003,14,89.38,0.11418529432142824,89.38,0.8674875486622708,-0.32682314476818275,34.2,0.3671614098729309,-5.024702695312557,-0.004255788343527453
2003-04-09,2003,15,78.59,0.9729492767829966,78.59,0.7478585947633022,-0.4844040093661262,34.5,0.4574008964883291,-9.29023792672994,-0.11310468965020865
2003-04-16,2003,16,51.14,0.07949473596297575,51.14,0.19456944202754223,-1.5271578561464687,34.2,-0.07949473596297589,-9.820941818538682,-0.03228555873353947
2003-04-23,2003,17,77.34,0.4535708460543831,77.34,0.7662523398591111,0.017264137687307658,33.9,0.5315447749610215,-5.087066431699124,0.06952220362677844
2003-04-30,2003,18,65.43,2.3970221251266195,65.43,-0.4882901285226259,-1.6763793462174899,32.9,0.8775917845235642,-10.916279170401259,0.1997589510372494
2003-05-07,2003,19,138.05,0.5196525202919688,138.05,1.018290451279652,-0.7990827621351786,33.6,0.2227996247746886,-9.006270972117932,-0.16951087117216287
2003-05-14,2003,20,84.16,1.1827339604084877,84.16,-0.6897393318569752,-1.1758134725500289,32.5,1.9635114370458404,-12.00357222731869,-0.0279569511154122
2003-05-21,2003,21,23.7,-0.21926158952767408,23.7,-0.08988996498880161,-1.07194094824387,32.5,1.2255032271206492,-8.885761039173799,-0.15428940276139097
2003-05-28,2003,22,166.52,1.3185254128699957,166.52,0.1664935038008255,-1.2784184321040875,35.0,1.5973269903558722,-4.781087699566267,-0.03506615018823511
2003-06-04,2003,23,70.25,-0.01381106315636643,70.25,-0.4882901285226259,-1.720181531493025,33.4,0.31228895054845635,-11.220595263614952,-0.12635850802102244
2003-06-11,2003,24,98.72,0.5636347168656255,98.72,0.1664935038008255,-0.5475192653049641,33.2,0.8877864231922363,-9.463007417343896,0.09566156634900982
2003-06-18,2003,25,47.15,-1.463792366789022,47.15,-0.044899609854301165,0.19105200614617424,33.5,-0.21219369825934653,-2.5096262196854444,0.10003715034949502
2003-06-25,2003,26,88.88,-0.09335714550383105,88.88,-0.7342277927751887,-0.7162626235721246,32.7,0.6985257103450607,-8.714753041823888,-0.11731110942308133
2003-07-02,2003,27,61.09,0.04144373309399647,61.09,-1.7355432483228752,-2.013356532513218,33.8,0.4766535906740806,-6.931762870082607,-0.009089462878463137
2003-07-09,2003,28,53.58,-0.940214709749602,53.58,-0.5921965068993644,0.2654879274125835,33.2,-1.484255892830435,1.6050954521309246,-0.17976660724573573
2003-07-16,2003,29,65.2,-0.4231630431268724,65.2,0.13506310158799564,0.23343067313940152,33.4,-0.6045853465832369,3.5136161119167637,-0.1295126409477978
2003-07-23,2003,30,2.64,-1.3022308986457931,2.64,-1.2706400015817672,-0.05527062402340345,32.1,-1.0125089578153552,10.442733345023909,0.0003045859221895143
2003-07-30,2003,31,24.64,-1.018290451279652,24.64,-0.44974743766847125,-0.3634705031093205,32.4,0.23343067313940152,5.784991085844147,-0.1277425504388203
2003-08-06,2003,32,89.28,-1.286274990788736,89.28,0.33776910965772566,0.4960846187383382,34.2,0.9729492767829966,10.837907682623097,-0.07284629296743239
2003-08-13,2003,33,52.47,-0.689739331856975,52.47,-0.19456944202754195,-0.2690661378543142,34.4,0.4574008964883291,4.156876880912831,-0.0485826631807774
2003-08-20,2003,34,45.38,-0.1840241743888466,45.38,0.21572629681119485,0.9136866083885676,34.0,-0.7252159501037855,6.2879516915426885,0.2571296615883057
2003-08-27,2003,35,29.51,-0.7708913244074345,29.51,0.5395148104453106,1.0417649647363973,34.4,0.7252159501037855,2.4705242633931532,-0.01974996715318941
2003-09-03,2003,36,8.84,-0.2547734641543657,8.84,-0.9785068775553366,0.9136866083885676,33.9,-1.5973269903558722,18.201258407114462,0.04622559671212833
2003-09-10,2003,37,36.42,-1.3785158516437335,36.42,0.3014316018532327,1.2706400015817672,34.3,-0.044899609854301165,12.414904255928848,-0.06053812687383414
2003-09-17,2003,38,55.73,1.3522087668981264,55.73,0.2726477966398428,0.7118074446700537,35.3,0.6723240685577333,4.493916728224759,0.15915295976919838
2003-09-24,2003,39,100.55,0.3487556955170447,100.55,0.6087355722380448,0.1072375192662233,34.7,-0.4999931655482655,-0.18799130280965168,0.23102221752912064
2003-10-01,2003,40,74.6,2.5420866957347332,74.6,1.3351777361189372,1.115904979977345,35.5,-0.35610346100600243,5.1761294405420575,-0.03381210804453451
2003-10-08,2003,41,38.3,0.04144373309399647,38.3,-0.4882901285226259,-0.7849090644765747,35.7,1.1553823552329274,-3.2926892477258347,-0.09428418518912898
2003-10-15,2003,42,44.16,-0.2121936982593475,44.16,0.9510129615979404,0.13854822058261884,34.4,-0.3195476097879587,-3.203308143803969,0.024910260975490494
2003-10-22,2003,43,39.52,0.017264137687307658,39.52,0.4689316991539753,0.0345334228765354,34.5,-0.37826443906266427,1.3049129145864775,0.34793663935516606
2003-10-29,2003,44,32.47,-1.3522087668981264,32.47,1.6098160671844495,0.4574008964883291,35.5,0.010358153297364085,10.76064909093555,-0.25799183970914874
2003-11-05,2003,45,105.14,0.9295249911968947,105.14,0.027624761338707837,-0.5595922742274324,34.0,1.1827339604084786,0.17459670229313218,0.2579694019596552
2003-11-12,2003,46,31.08,-0.1420350232095686,31.08,1.1967475721392273,0.24764677891373554,35.5,0.4574008964883291,1.7896513299222125,0.10062474408261703
2003-11-19,2003,47,123.63,-0.0034526628854479537,123.63,0.37826443906266427,0.065647586556564,36.0,2.3970221251266195,-3.3428404442614834,0.037689118799513706
2003-11-26,2003,48,81.27,0.2834139916269743,81.27,0.9510129615979404,-0.16999537477436907,34.7,-0.5315447749610215,0.6230298099739106,0.05186876707612434
2003-12-03,2003,49,72.23,0.83769173455482,72.23,1.6763793462174872,-0.19456944202754195,35.1,1.1354224753197613,-0.9118503754427457,0.20200940651294366
2003-12-10,2003,50,108.62,1.7355432483228757,108.62,1.0905246666966568,0.83769173455482,34.2,-0.11418529432142838,-5.977344125020788,0.1499519871971401
2003-12-17,2003,51,64.95,0.6380886446496014,64.95,0.9510129615979404,0.017264137687307658,34.8,0.17700542003611422,-6.0235430044145035,-0.16616444003746883
2003-12-24,2003,52,49.42,0.8877864231922363,49.42,-0.34142671136322306,-0.5315447749610215,33.1,1.5497059007365894,-11.200095571237656,0.015207176250909019
2004-01-01,2004,1,74.33,1.2402686793182185,74.33,0.5395148104453106,0.07949473596297603,34.03333333333334,0.7896159916597746,-7.733660900224315,-0.09583863892601083
2004-01-08,2004,2,78.53,0.4156229225977685,78.53,-0.13157962231032655,-1.3785158516437335,34.2,1.1031259989152422,-9.403018598892324,0.0026416784546695843
2004-01-15,2004,3,63.47,0.5798979013431809,63.47,1.5497059007365894,-0.3634705031093205,34.1,0.2016115875763277,-9.147127218409516,0.12812074314709848
2004-01-22,2004,4,29.23,-0.7342277927751887,29.23,1.6098160671844495,0.588087103206949,34.6,-0.6636926378284319,5.658983501932218,0.12142500226483804
2004-01-29,2004,5,4.65,-2.2036607795503143,4.65,2.013356532513218,1.0537202406076733,35.6,-5.199337582605575,23.2143391800893,-0.07479074661370368
2004-02-05,2004,6,13.2,-1.1553823552329274,13.2,2.4631011609711813,2.2897025155915474,36.4,-0.5798979013431808,16.08070721985755,-0.28213759727960375
2004-02-12,2004,7,24.83,-0.2690661378543142,24.83,0.4006127810921563,-0.6508373064444771,33.3,-0.8574711126344225,0.4895002023012225,0.08538939100401334
2004-02-19,2004,8,39.06,-0.22634045116816895,39.06,-1.0597547265704765,-1.767557034445665,35.5,-1.084288472912783,0.7830627310834726,-0.09500919175191272
2004-02-26,2004,9,125.04,0.9084578685373853,125.04,-0.08988996498880161,-0.22634045116816895,34.4,-0.7118074446700533,-5.265956964800586,0.07856225566969495
2004-03-04,2004,10,52.08,0.22634045116816895,52.08,1.0905246666966568,0.5355255405186109,34.5,0.4574008964883291,-4.537155618963202,-0.11747307171342225
2004-03-11,2004,11,80.33,0.8279240767888086,80.33,0.5395148104453106,0.3856923651377643,33.5,-0.5798979013431808,-9.922130949541746,0.07666863095917971
2004-03-18,2004,12,137.83,0.8086216940604909,137.83,0.9510129615979404,-0.6508373064444771,34.3,1.5730705667117024,-5.85369315743508,0.2414579951221243
2004-03-25,2004,13,120.1,0.8182347774917771,120.1,1.4739469777164134,-0.8086216940604897,34.0,1.1967475721392278,-10.095980267769393,-0.08146334739906608
2004-04-01,2004,14,101.22,1.0477238839109337,101.22,0.6423265839357505,-0.898074175914329,33.9,-1.453786492080884,-11.683342325800755,-0.21784387763621185
2004-04-08,2004,15,47.26,1.5053605530744096,47.26,0.1037655929190483,-0.6508373064444771,33.1,-1.3185254128699953,-9.715964396454481,0.1608410762738659
2004-04-15,2004,16,61.8,0.39687443788651156,61.8,0.6087355722380448,-0.05527062402340345,33.6,-0.2978204305995092,-4.2336909415234345,-0.10623765347242113
2004-04-22,2004,17,113.62,1.0780941645707003,113.62,0.5395148104453106,0.13854822058261884,34.5,-0.23343067313940097,-8.498798705738096,0.089102547237486
2004-04-29,2004,18,65.82,1.463792366789022,65.82,-0.027624761338707837,-1.3785158516437335,32.9,1.286274990788736,-11.68840300933723,-0.020042088292226052
2004-05-06,2004,19,83.93,0.4459305926331787,83.93,-0.43831628174460113,-0.34142671136322306,33.3,0.7478585947633022,-7.543832508077469,-0.21575469274472264
2004-05-13,2004,20,34.81,0.12809773897576973,34.81,-0.34142671136322306,-1.585082203765853,33.0,0.6551103726537549,-7.4129020616179675,-0.17823406544675222
2004-05-20,2004,21,173.45,0.8980741759143295,173.45,-0.9785068775553366,-2.1313799749848386,34.2,2.5420866957347332,-3.463014653576364,-0.07988835623732976
2004-05-27,2004,22,35.43,0.05181301382181504,35.43,-0.6045853465832371,-1.463792366789022,33.3,-0.4459305926331787,-5.459622838996422,-0.2281511598143741
2004-06-03,2004,23,88.62,-0.1350631015879955,88.62,-0.065647586556564,-0.6508373064444771,32.8,1.7052153405409167,-7.408466662860961,-0.24841966480804864
2004-06-10,2004,24,85.28,0.2978204305995092,85.28,-0.8574711126344231,-1.484255892830435,32.0,0.6045853465832371,-11.223599303904836,-0.08204871507473725
2004-06-17,2004,25,94.52,-0.5078333092550698,94.52,-1.6906216295848977,-1.585082203765853,33.3,-0.18051368563039105,-4.871121614121802,0.04033484938203789
2004-06-24,2004,26,32.95,-0.4689316991539753,32.95,-2.1313799749848386,-0.934856497167286,32.1,0.780219463186601,-2.8595798438628672,-0.14257436160024933
2004-07-01,2004,27,46.39,0.2619131129544431,46.39,-1.6906216295848977,-1.720181531493025,30.9,1.4439240859642077,-7.147552295771324,-0.02434337293439539
2004-07-08,2004,28,83.94,-0.7616297868943458,83.94,-1.1827339604084899,-1.1094928415553305,32.0,-0.18051368563039105,-3.2008990700945716,0.1090996394156214
2004-07-15,2004,29,48.09,-0.4999931655482655,48.09,-0.8574711126344231,0.83769173455482,33.1,-0.4081063581839672,3.2324843697822576,-0.06855965983485802
2004-07-22,2004,30,53.78,-0.4766535906740806,53.78,-1.4058131562357747,-1.1758134725500289,32.1,0.83769173455482,-3.2204614947350434,0.02641584868955449
2004-07-29,2004,31,85.96,-0.4081063581839672,85.96,-1.1827339604084899,-0.4081063581839672,32.9,-1.2038433323989652,-4.51798182170071,-0.08757015254875483
2004-08-05,2004,32,29.82,-1.6763793462174899,29.82,-1.1553823552329274,-0.15949583828695116,34.0,-0.010358153297364085,9.011873992428093,-0.024710126838012617
2004-08-12,2004,33,18.44,-1.6355759142706652,18.44,-1.4058131562357747,-1.1758134725500289,31.3,-1.7052153405409167,9.575979245537697,-0.06481125027982865
2004-08-19,2004,34,23.78,-1.2553096009744396,23.78,-5.199337582605575,-5.199337582605575,32.733333333333334,-1.7052153405409167,10.794804335861963,0.18987492934007624
2004-08-26,2004,35,42.86,-0.5798979013431808,42.86,-5.199337582605575,-5.199337582605575,32.8,-5.199337582605575,6.170101735468154,0.04672573007872576
2004-09-02,2004,36,147.32,0.024170945557217084,147.32,-0.5717474060925252,-0.4006127810921563,32.0,1.6763793462174796,1.9956621339859233,0.1514497482298061
2004-09-09,2004,37,46.58,-0.15599995352913304,46.58,-0.19456944202754195,-1.3268055842559447,34.3,-0.6128963095890264,-0.652350668323882,-0.25518240092836025
2004-09-16,2004,38,36.64,0.5196525202919688,36.64,-0.5236083621216349,-0.6508373064444771,33.0,0.5963159355757978,-2.957696446844864,0.011195967447531428
2004-09-23,2004,39,48.68,-1.2706400015817672,48.68,0.5395148104453106,2.1661067528923295,34.7,-0.6636926378284319,9.670228384352221,0.1022551685365784
2004-09-30,2004,40,85.69,0.7616297868943461,85.69,1.4739469777164134,1.767557034445665,35.5,-0.21926158952767408,4.032848578696408,0.03638655447023231
2004-10-07,2004,41,52.27,-0.03107890668407915,52.27,-0.7162626235721246,0.2654879274125835,33.0,-0.4766535906740806,-1.4009112978469582,-0.004743808973692111
2004-10-14,2004,42,65.25,0.2906096716803344,65.25,1.286274990788736,0.5355255405186109,34.5,1.0299567622253687,-6.448855160589823,0.17419629872706352
2004-10-21,2004,43,35.61,-0.588087103206949,35.61,0.1664935038008255,-0.5880871032069492,35.6,-0.8877864231922363,3.999631027190986,-0.02206870069240744
2004-10-28,2004,44,74.01,0.19105200614617424,74.01,-0.19456944202754195,-0.30504670823989766,35.8,0.6423265839357505,1.8449644660541156,0.047534176479637924
2004-11-04,2004,45,91.63,0.6941258227261115,91.63,1.018290451279652,1.302230898645794,34.9,0.8182347774917771,3.4062844190832196,0.1854657403286692
2004-11-11,2004,46,74.68,0.36347050310932,74.68,-0.4882901285226259,-1.07194094824387,33.7,1.5271578561464696,-9.821592108088163,0.1483762403224407
2004-11-18,2004,47,74.08,-0.43831628174460113,74.08,0.83769173455482,0.3856923651377643,35.8,0.8980741759143295,3.9493015500896655,-0.09675389271970453
2004-11-25,2004,48,71.98,0.46508124230921427,71.98,0.5395148104453106,-0.065647586556564,35.3,0.4118617316731164,-7.943913731261812,-0.10565684316358816
2004-12-02,2004,49,53.01,-0.12809773897576973,53.01,0.37826443906266427,0.3856923651377643,34.1,0.14552355352979265,1.3633629184501108,-0.12422201878450227
2004-12-09,2004,50,70.04,1.0905246666966573,70.04,0.6212498242124137,0.21926158952767422,35.06666666666667,-1.0125089578153552,-7.177080363843575,0.11462207216853809
2004-12-16,2004,51,49.56,-0.10723751926622316,49.56,1.0537202406076733,-0.5078333092550698,34.0,1.0780941645707003,-0.6503920644715776,-0.036493161621325126
2004-12-23,2004,52,109.83,-0.3634705031093205,109.83,0.2726477966398428,-1.5053605530744096,33.3,0.7990827621351786,-6.048693883696116,0.19139849052487654
2005-01-01,2005,53,76.47666666666669,0.3341160210843584,76.47666666666669,0.6636926378284319,-0.934856497167286,33.650000000000006,0.49218363584822317,-4.6274084604495025,0.0898424670240298
2005-01-08,2005,1,70.6,0.5555589554799824,70.6,1.1967475721392273,-0.898074175914329,33.2,0.3524271998261781,-4.874866272070057,0.029865857148005617
2005-01-15,2005,2,93.73,1.211000229338,93.73,1.0905246666966568,-0.024170945557216942,34.2,1.8376384268780583,-7.877931690939115,0.1339675806277688
2005-01-22,2005,3,60.52,-0.4459305926331787,60.52,1.8763585618945953,0.4844040093661254,35.5,1.6488734972429597,4.782116007598783,0.13571830212527058
2005-01-29,2005,4,25.67,0.03107890668407915,25.67,1.8763585618945953,1.018290451279652,35.1,-5.199337582605575,0.5028099477491308,0.09954212727528615
2005-02-05,2005,5,88.96,0.17700542003611422,88.96,1.2477538553513252,0.19105200614617424,35.4,-1.3522087668981264,-1.6311948475323383,-0.20936631354814225
2005-02-12,2005,6,52.61,0.46508124230921427,52.61,-0.08988996498880161,-1.2477538553513243,32.8,0.2654879274125835,-9.61508303101232,-0.07130515131996124
2005-02-19,2005,7,125.35,1.918115095894029,125.35,-0.065647586556564,-0.6508373064444771,32.3,2.7756208502802924,-9.067289299001265,-0.1113581955366817
2005-02-26,2005,8,46.98,-0.05527062402340345,46.98,1.4739469777164134,0.2906096716803344,35.2,0.5555589554799824,-4.420541420304471,-0.06343645538915489
2005-03-05,2005,9,54.22,0.09335714550383105,54.22,0.8826776366637017,-0.8279240767888084,33.8,-0.6985257103450601,-7.2639595809607265,0.028016537989684776
2005-03-12,2005,10,155.54,2.0687719359567662,155.54,-0.8574711126344231,-2.2897025155915474,34.8,-1.084288472912783,-11.622031921653697,-0.17335940806968503
2005-03-19,2005,11,162.51,-0.6636926378284319,162.51,1.5497059007365894,-0.3856923651377643,33.8,1.2402686793182185,-5.235558899770272,-0.10611986329857542
2005-03-26,2005,12,99.37,-0.2906096716803344,99.37,0.19456944202754223,-0.9840948669667636,33.4,0.9189404483103542,-2.2956063613672373,-0.11265529586989376
2005-04-02,2005,13,55.12,0.7073663495812149,55.12,0.83769173455482,0.24764677891373554,34.3,0.3341160210843581,-5.855026733810566,0.2384331478909647
2005-04-09,2005,14,87.41,0.7207320648937858,87.41,0.6985257103450601,0.24764677891373554,33.8,0.2942131389309215,-4.813281988862528,0.02564420326072618
2005-04-16,2005,15,40.03,1.0658280523966535,40.03,0.1037655929190483,-0.7849090644765747,32.9,-1.369641308518665,-10.906002156211942,-0.15434509243345787
2005-04-23,2005,16,37.6,1.7052153405409167,37.6,1.8192681934979846,-0.2690661378543142,34.0,0.8674875486622708,-10.642094693346028,-0.08915816063567981
2005-04-30,2005,17,78.8,0.4081063581839672,78.8,1.3785158516437335,-0.898074175914329,33.8,-0.8086216940604897,-10.731164911984044,-0.10434811257168511
2005-05-07,2005,18,33.29,0.6128963095890266,33.29,-1.767557034445665,-2.013356532513218,33.5,-0.8877864231922363,-9.19810692897629,-0.20535257331585405
2005-05-14,2005,19,49.07,0.39687443788651156,49.07,0.37826443906266427,0.7118074446700537,34.6,-0.46123766846867187,-0.7397487152698284,-0.07126682899157065
2005-05-21,2005,20,56.22,0.20513639140553785,56.22,-0.11418529432142824,-0.7524331230352401,33.2,0.7342277927751887,-7.070917542822851,-0.06396560016473703
2005-05-28,2005,21,43.14,-0.6810058819662149,43.14,-0.19456944202754195,-1.3268055842559447,33.6,-0.2762329564579387,3.433938889638671,0.08534566027147507
2005-06-04,2005,22,61.75,-0.20513639140553785,61.75,0.1037655929190483,-0.21926158952767408,33.9,0.43831628174460113,1.2493228648025958,0.22489779562438447
2005-06-11,2005,23,40.44,0.2690661378543142,40.44,-0.5717474060925252,-0.8475399758405717,32.4,-0.6810058819662149,-7.875419987562834,-0.24063631041302908
2005-06-18,2005,24,104.83,-0.38569236513776256,104.83,0.13506310158799564,-0.3931416328880074,33.3,0.32682314476818275,-2.1300807277598106,-0.004095355312946639
2005-06-25,2005,25,50.88,-1.07194094824387,50.88,-0.2690661378543141,-0.5880871032069492,32.8,0.6254428582078935,3.646393901820138,0.06139278392500192
2005-07-02,2005,26,23.6,-0.46123766846867187,23.6,-0.8182347774917771,-1.2255032271206492,33.7,0.6636926378284319,0.0756660031370649,-0.027661275490411395
2005-07-09,2005,27,43.24,-0.5395148104453106,43.24,0.2726477966398428,0.16999537477436907,34.5,-0.20513639140553785,3.959736779982555,-0.1147173355063483
2005-07-16,2005,28,109.71,-1.2038433323989652,109.71,0.2726477966398428,0.4574008964883291,34.2,1.4058131562357747,11.532888639084398,0.24204731819535427
2005-07-23,2005,29,27.33,-1.1689488445314817,27.33,-1.1827339604084899,1.4947250040230937,33.8,-5.199337582605575,13.54511949124873,-0.19253739521576282
2005-07-30,2005,30,42.32,-0.8775917845235642,42.32,-2.542086695734729,-2.397022125126618,32.3,0.2942131389309215,3.8915762144728183,0.11810966748640513
2005-08-06,2005,31,0.0,-1.2255032271206492,0.0,-1.4947250040230933,0.08988996498880161,32.3,-5.199337582605575,12.743815290405673,0.06329950151222491
2005-08-13,2005,32,38.17,-1.9181150958940405,38.17,-0.30504670823989766,0.8929184864443955,33.5,-0.31228895054845635,13.755726612936137,0.004952300207805593
2005-08-20,2005,33,17.85,-1.3785158516437335,17.85,-2.2036607795503143,-0.7708913244074311,32.8,0.24053264956697124,24.608067935783165,0.08062337866579847
2005-08-27,2005,34,69.62,-0.8574711126344225,69.62,0.21572629681119485,1.767557034445665,35.0,1.0658280523966526,4.642371480041819,0.07912034399248434
2005-09-03,2005,35,12.81,-1.07194094824387,12.81,-0.8574711126344231,-0.15949583828695116,35.2,-0.2906096716803344,8.60694162983153,0.27109102718341743
2005-09-10,2005,36,36.98,-1.585082203765853,36.98,-0.38197576769654207,0.7990827621351786,34.333333333333336,-0.16299367337041495,16.659718067481005,0.0772738121391508
2005-09-17,2005,37,18.66,-0.17700542003611422,18.66,-0.38197576769654207,0.7990827621351786,35.099999999999994,-1.5053605530744096,3.9620100297153495,-0.04965687787896816
2005-09-24,2005,38,2.56,-0.9189404483103537,2.56,-1.8192681934979853,1.1689488445314817,34.3,-0.2583416424421424,12.138858210192716,-0.1345106254699
2005-10-01,2005,39,29.8,-1.585082203765853,29.8,1.4739469777164134,2.1661067528923295,37.1,-0.4844040093661262,22.53396501180947,0.30280036357635115
2005-10-08,2005,40,54.7,-1.5497059007365892,54.7,1.720181531493024,2.775620850280319,36.3,0.5157047936930386,14.324766421184764,0.12059958181575225
2005-10-15,2005,41,60.0,-0.6296469174168846,60.0,1.1967475721392273,0.8725285313943619,37.0,1.8763585618945953,13.542432340661913,0.1797763282111417
2005-10-22,2005,42,73.97,-0.19105200614617157,73.97,2.2897025155915474,1.4947250040230937,36.5,0.14552355352979265,7.293952594558378,0.10043726916020344
2005-10-29,2005,43,100.06,0.5315447749610215,100.06,0.9510129615979404,0.33411602108435867,34.3,1.918115095894027,-1.5344232207667707,0.1327890749832013
2005-11-05,2005,44,59.15,0.24764677891373357,59.15,0.7943404782948873,-0.12113858572421711,34.3,0.8279240767888086,0.9599560926967644,-0.1348100751983085
2005-11-12,2005,45,75.36,1.5271578561464696,75.36,1.2706400015817672,0.5475192653049643,34.6,-1.0658280523966535,-0.9834185047579493,0.24451604947843567
2005-11-19,2005,46,49.87,0.12113858572421711,49.87,0.027624761338707837,-0.2086637457511546,34.5,1.1689488445314817,-5.556567522925938,0.30112890544790805
2005-11-26,2005,47,72.34,0.5963159355757981,72.34,1.1967475721392273,0.3856923651377643,35.0,-1.2402686793182185,-2.5259101701598823,0.005066846283290024
2005-12-03,2005,48,78.52,-0.19808928684734803,78.52,0.8826776366637017,0.588087103206949,34.3,0.42316304312687253,1.2473556315137273,0.1799910533715262
2005-12-10,2005,49,60.5,0.780219463186603,60.5,0.6985257103450601,1.3875003115198252,34.8,-0.02417094555721764,-0.040897431038599684,0.06382423518074383
2005-12-17,2005,50,46.91,0.15599995352913304,46.91,0.6985257103450601,0.6636926378284319,34.0,-1.2038433323989652,-5.621880843385582,-0.09149692151321942
2005-12-24,2005,51,151.0,1.302230898645794,151.0,0.9510129615979404,-0.3634705031093205,33.6,0.5236083621216349,-9.264377775536634,-0.15643937383757608
2006-01-01,2006,52,114.58,2.1313799749848403,114.58,-0.10723751926622316,-0.46508124230921455,32.7,2.2897025155915474,-6.710137410090015,0.06769225402958959
2006-01-08,2006,1,38.78,-0.8877864231922363,38.78,0.4421202330378382,-0.037988351230282213,34.5,0.24764677891373554,15.129132250997898,-0.0714257403727782
2006-01-15,2006,2,138.46,0.1840241743888466,138.46,0.24764677891373554,0.3856923651377643,34.5,0.0587288951173541,-0.39694112117405134,-0.07995855352803666
2006-01-22,2006,3,88.85,0.3122889505484566,88.85,0.058728895117353824,-0.08295880246330795,33.8,-0.017264137687307658,-2.27925281200765,-0.1975746528274902
2006-01-29,2006,4,49.32,0.3122889505484566,49.32,-0.34142671136322306,-1.0010463353866785,33.5,2.013356532513218,-6.580399480393753,-0.20981497533721982
2006-02-05,2006,5,34.17,0.6045853465832371,34.17,-0.017264137687307658,-0.3195476097879587,33.7,0.9953640664494025,-11.214115764514904,0.19349195908588263
2006-02-12,2006,6,71.87,0.6941258227261115,71.87,0.5395148104453106,-1.1758134725500289,32.6,0.8086216940604901,-9.564733557268227,-0.07877378821689925
2006-02-19,2006,7,44.35,-0.2834139916269743,44.35,1.3785158516437335,-1.07194094824387,33.8,-5.199337582605575,-4.2803893996650535,0.07737641802618066
2006-02-26,2006,8,23.44,0.7896159916597746,23.44,0.8086216940604897,0.12113858572421711,34.3,-1.8014921444765468,2.300473501791077,-0.13481041672469024
2006-03-05,2006,9,79.13,0.25477346415436597,79.13,-0.13157962231032655,-0.5595922742274324,32.9,-0.5078333092550698,-5.256789684571453,-0.188921298293495
2006-03-12,2006,10,94.99,1.4439240859642077,94.99,0.5395148104453106,-0.5880871032069492,33.3,0.6897393318569753,-9.9004455505918,0.24912440515563677
2006-03-19,2006,11,121.69,0.4999931655482655,121.69,0.4689316991539753,-0.8279240767888084,33.7,-0.780219463186601,-6.576040980418803,-0.17159281289476788
2006-03-26,2006,12,120.62,0.7478585947633022,120.62,-0.19456944202754195,-1.3268055842559447,32.3,0.7478585947633022,-6.75009972422245,-0.015596640319946268
2006-04-02,2006,13,121.46,1.029956762225374,121.46,0.9510129615979404,-0.30504670823989766,33.7,-0.037988351230282213,-8.30335227501455,-0.09059127501007191
2006-04-09,2006,14,41.68,1.006761111548614,41.68,0.4118617316731164,-0.14901385575389461,33.7,1.5053605530744096,-3.6488030087556362,-0.06000384373764358
2006-04-16,2006,15,75.33,0.6723240685577333,75.33,0.9510129615979404,-0.12113858572421711,33.9,-0.07949473596297589,-8.345613893425941,0.03309915756010643
2006-04-23,2006,16,69.6,0.3856923651377643,69.6,-0.19456944202754195,-1.6355759142706652,32.8,-0.929524991196893,-5.007300632598937,0.09025804651167613
2006-04-30,2006,17,74.93,-0.05527062402340345,74.93,-0.6897393318569752,-1.5497059007365892,33.5,-0.37085732520558196,-3.517576040237897,-0.12706152821680683
2006-05-07,2006,18,65.07,-0.07256942189920686,65.07,0.33776910965772566,-0.898074175914329,33.3,0.9510129615979404,-6.156107392172305,-0.2472126619892451
2006-05-14,2006,19,127.24,0.7478585947633022,127.24,-2.397022125126618,-2.542086695734729,32.3,2.2036607795503134,-9.10513191769182,0.007668005799542462
2006-05-21,2006,20,1.52,-2.7756208502803483,1.52,-2.068771935956914,0.83769173455482,31.7,-1.453786492080884,16.336687538482973,0.18008858246629805
2006-05-28,2006,21,91.4,-0.9729492767829966,91.4,-0.08988996498880161,0.0,34.0,0.5395148104453106,7.966229296103197,-0.17525056624061652
2006-06-04,2006,22,79.48,0.1072375192662233,79.48,-1.9181150958940405,-1.0299567622253682,31.9,1.3185254128699957,-5.438335666433169,-0.2723227206659648
2006-06-11,2006,23,130.66,-0.12113858572421711,130.66,-1.5497059007365892,-1.4439240859642073,33.0,0.8574711126344231,-5.428142230181728,0.06080565552198712
2006-06-18,2006,24,84.99,-0.672324068557733,84.99,0.6985257103450601,1.4947250040230937,34.4,0.4844040093661257,0.9767850529581028,-0.1772849070924606
2006-06-25,2006,25,71.69,-0.4156229225977685,71.69,-1.0597547265704765,-0.08295880246330795,32.5,0.3524271998261781,0.004520916334639539,0.0008318235641155313
2006-07-02,2006,26,17.21,-1.1420252454224493,17.21,-0.4882901285226259,-0.12113858572421711,33.4,-0.638088644649601,4.973507102864874,0.0695757823525681
2006-07-09,2006,27,20.72,-0.929524991196893,20.72,-0.940214709749602,-0.7524331230352401,33.0,0.940214709749602,-3.2622576463715864,0.017203932240307612
2006-07-16,2006,28,1.17,-2.013356532513218,1.17,-1.4947250040230933,-0.024170945557216942,33.1,-1.7052153405409167,10.745443459441644,0.10424298758896314
2006-07-23,2006,29,54.72,-0.024170945557218475,54.72,-0.19456944202754195,1.0537202406076733,34.1,-0.12113858572421711,3.309146791923761,0.1802203851187843
2006-07-30,2006,30,28.66,-0.8674875486622706,28.66,-1.0597547265704765,0.43451866237478126,32.6,-0.9510129615979401,8.966191497288268,0.1502002631615398
2006-08-06,2006,31,44.96,-0.10029491694392603,44.96,-0.44974743766847125,0.7252159501037855,34.2,-1.3185254128699953,0.0940743034882256,-0.12573212608433368
2006-08-13,2006,32,11.79,-0.9953640664494023,11.79,0.027624761338707837,1.148678182991897,33.9,-0.5157047936930385,9.777970227822001,0.2543569716081474
2006-08-20,2006,33,47.74,-0.6380886446495981,47.74,0.13506310158799564,0.0,33.3,0.37826443906266427,3.342152303979739,0.06747443708678583
2006-08-27,2006,34,68.6,-0.5515346542112698,68.6,-0.34142671136322306,-0.12113858572421711,34.9,0.2942131389309215,5.401585719089375,-0.02498574695434409
2006-09-03,2006,35,68.0,-0.6212498242124149,68.0,-1.2402686793182185,-0.2834139916269743,33.2,1.463792366789022,3.475724332098627,0.16206030411733827
2006-09-10,2006,36,90.33,-1.1288688381594618,90.33,-0.15599995352913304,0.9840948669667636,34.1,-0.7896159916597745,13.843302320146298,0.00849486999506667
2006-09-17,2006,37,111.87,-0.8327979737810487,111.87,1.018290451279652,0.8929184864443955,35.0,-1.7052153405409167,11.33047387399885,-0.0022222336915477996
2006-09-24,2006,38,82.2,-0.15599995352913304,82.2,0.4118617316731164,0.30866580569493435,34.8,0.7073663495812149,12.017804496345901,0.1738811954044173
2006-10-01,2006,39,134.64,0.10029491694392603,134.64,1.3185254128699957,1.3185254128699957,35.2,0.12461740794799805,5.345548664456276,0.3337220844788583
2006-10-08,2006,40,60.48,-0.4921836358482229,60.48,1.5497059007365894,2.5420866957347332,35.9,0.21219369825934623,8.607979702165633,0.12481488481955333
2006-10-15,2006,41,41.69,-0.3708573252055821,41.69,0.6296469174168846,-0.24053264956697124,33.7,1.3522087668981264,1.8749270584754198,-0.15580395487848142
2006-10-22,2006,42,103.77,0.4231630431268719,103.77,1.3785158516437335,-0.24053264956697124,35.4,-1.1031259989152418,-3.003084014619763,0.06771102927036614
2006-10-29,2006,43,55.94,0.37826443906266427,55.94,-0.010358153297364085,-0.010358153297364085,33.8,1.2110002293380546,-1.6385262482275025,0.3264570104841249
2006-11-05,2006,44,67.5,0.058728895117353824,67.5,1.767557034445665,0.5157047936930382,35.7,-0.8327979737810487,5.412190990560322,0.14429778889134023
2006-11-12,2006,45,80.25,0.7207320648937858,80.25,0.83769173455482,-0.5880871032069492,33.9,0.9084578685373853,-4.720909413317667,0.05002044778304158
2006-11-19,2006,46,86.65,0.9953640664494025,86.65,0.027624761338707837,-0.19456944202754195,33.2,0.5636347168656255,-7.533556713950683,0.006023313991112591
2006-11-26,2006,47,43.59,0.5475192653049643,43.59,-0.6897393318569752,-0.9674215661017009,32.3,1.7513257935060604,-6.991007717066549,0.12979046256428858
2006-12-03,2006,48,75.33,0.5395148104453106,75.33,0.37826443906266427,-0.9510129615979401,34.9,0.9619232586084928,-1.1632101664905743,-0.1866558413212001
2006-12-10,2006,49,99.89,1.1553823552329274,99.89,1.0905246666966568,-1.1758134725500289,33.7,-0.9674215661017009,-10.194845349286279,0.2561707857599973
2006-12-17,2006,50,157.75,0.588087103206949,157.75,0.22634045116816895,-1.018290451279652,33.8,0.9295249911968995,-9.427888535495775,0.21652963834079492
2006-12-24,2006,51,111.48,0.8574711126344231,111.48,0.7342277927751887,-1.0417649647363971,32.9,0.11557550026608909,-8.091004264894812,0.15169077632383102
2007-01-01,2007,1,79.94,1.0477238839109337,79.94,-1.0597547265704765,-1.8014921444765468,31.9,1.0905246666966573,-8.552727955519067,-0.15939109990439201
2007-01-08,2007,2,37.06,1.5497059007365894,37.06,-0.8279240767888084,-1.8763585618945948,31.7,0.08642386473824262,-9.517144593731768,-0.13038094191910493
2007-01-15,2007,3,126.89,0.3122889505484566,126.89,0.2369801672458942,-0.5880871032069492,33.4,1.4842558928304361,-7.642056727583991,0.0044466222442841935
2007-01-22,2007,4,95.47,1.767557034445665,95.47,0.1664935038008255,-0.8574711126344231,33.6,1.302230898645794,-10.831994158502104,-0.05594197922874694
2007-01-29,2007,5,83.7,0.6465760910389337,83.7,0.20513639140553785,-0.12113858572421711,35.0,0.065647586556564,-5.284301557936405,-0.15129620550981643
2007-02-05,2007,6,61.8,-1.0299567622253682,61.8,1.3785158516437335,0.2906096716803344,35.4,-1.0125089578153552,1.029335925099047,0.23584812640018038
2007-02-12,2007,7,14.19,-1.8763585618945948,14.19,1.8192681934979846,1.7052153405409167,36.7,0.07949473596297603,12.372473655816584,0.07069398455111406
2007-02-19,2007,8,25.7,-1.0417649647363971,25.7,1.6488734972429597,2.013356532513218,36.2,-5.199337582605575,16.28752043638642,-0.10679726021581801
2007-02-26,2007,9,55.56,-0.16999537477436907,55.56,1.302230898645794,1.9181150958940414,35.8,-0.46123766846867187,10.048243077272664,-0.1546193839955962
2007-03-05,2007,10,117.07,2.2036607795503134,117.07,-0.34142671136322306,-0.3634705031093205,33.0,1.7513257935060604,-7.162672316957752,-0.08542644088738763
2007-03-12,2007,11,55.47,0.2762329564579396,55.47,0.5395148104453106,-0.24053264956697124,33.1,1.1354224753197613,-10.006367622717132,0.06058910756386209
2007-03-19,2007,12,150.33,0.5078333092550698,150.33,-0.6897393318569752,0.13854822058261884,33.9,2.068771935956898,-3.6538180858451637,-0.05162118088837911
2007-03-26,2007,13,93.14,0.4921836358482229,93.14,0.83769173455482,-0.5315447749610215,34.6,0.16999537477436907,-5.869594998930364,-0.029350792742646598
2007-04-02,2007,14,97.04,2.2897025155915474,97.04,-0.39687443788651156,-1.1288688381594618,34.0,0.7162626235721247,-9.01445087199983,-0.020137807340149833
2007-04-09,2007,15,98.94,1.5730705667117024,98.94,0.33776910965772566,-1.1094928415553305,34.4,0.07256942189920686,-8.756580156951003,-0.16896571339526284
2007-04-16,2007,16,93.62,0.14203502320956873,93.62,-0.19456944202754195,-0.6508373064444771,33.5,0.7616297868943461,-7.577740223110882,-0.11141075451874673
2007-04-23,2007,17,157.86,0.5717474060925252,157.86,-0.6465760910389333,-1.8376384268780583,34.1,2.1313799749848403,-8.50529587554216,-0.023621814998043382
2007-04-30,2007,18,103.39,0.1699953747743699,103.39,0.33776910965772566,-0.43451866237478104,33.0,0.9840948669667636,-6.532467976790741,-0.10590810133140573
2007-05-07,2007,19,89.15,0.4307272992954577,89.15,0.6985257103450601,-0.8279240767888084,33.5,-0.2583416424421424,-6.938891521700911,-0.14029333681220604
2007-05-14,2007,20,45.23,0.9840948669667636,45.23,0.6985257103450601,-1.3268055842559447,32.5,1.6225614096151646,-4.286925227950125,-0.14087808037990374
2007-05-21,2007,21,64.11,0.6636926378284319,64.11,0.83769173455482,0.065647586556564,33.8,0.5717474060925252,-6.772279708428353,0.14411167590885812
2007-05-28,2007,22,76.68,-0.37826443906266427,76.68,-2.2897025155915474,0.1072375192662233,32.8,0.09335714550383105,-0.475804124542429,-0.3372893175674114
2007-06-04,2007,23,39.11,-0.2619131129544431,39.11,-1.2402686793182185,-0.46508124230921455,31.3,-1.7052153405409167,-4.069306735330669,-0.05422968253239954
2007-06-11,2007,24,54.78,-0.33411602108435856,54.78,-1.0597547265704765,-0.5078333092550698,32.6,-0.9084578685373852,-3.492582263477744,0.12373455435527199
2007-06-18,2007,25,78.83,0.7708913244074311,78.83,-1.6488734972429593,-1.9181150958940405,32.0,1.0537202406076733,-7.1004954102028535,-0.19553837726383463
2007-06-25,2007,26,11.41,-0.6128963095890264,11.41,-1.1288688381594618,-1.424609983800608,31.7,-0.9840948669667636,-5.12681765942704,-0.1844635022224815
